LinkID,LinkName,AirportCode,NodeNameFrom,NodeNameTo,Length,LinkTypeID,RunwayAssociation
1,07L/25R.11_07L/25R.12,PHX,07L/25R.11,07L/25R.12,1407.511,30,07L/25R
2,07L/25R.12_07L/25R.13,PHX,07L/25R.12,07L/25R.13,399.0982959972,30,07L/25R
3,07L/25R.3_07L/25R.4,PHX,07L/25R.3,07L/25R.4,466.126,30,07L/25R
4,07L/25R.4_07L/25R.5,PHX,07L/25R.4,07L/25R.5,1664.778,30,07L/25R
5,07L/25R.5_07L/25R.6,PHX,07L/25R.5,07L/25R.6,1309.78,30,07L/25R
6,07L/25R.6_07L/25R.7,PHX,07L/25R.6,07L/25R.7,995.2635161902,30,07L/25R
7,07L/25R.7_07L/25R.8,PHX,07L/25R.7,07L/25R.8,785.1237772979,30,07L/25R
8,07L/25R.8_07L/25R.9,PHX,07L/25R.8,07L/25R.9,824.474,30,07L/25R
9,07L/25R.9_07L/25R.10,PHX,07L/25R.9,07L/25R.10,917.029,30,07L/25R
10,07R/25L.n1_07R/25L.nH2,PHX,07R/25L.n1,07R/25L.nH2,299.282,30,07R/25L
11,07R/25L.n3_07R/25L.n4,PHX,07R/25L.n3,07R/25L.n4,1073.0318739448,30,07R/25L
12,07R/25L.n4_07R/25L.n5,PHX,07R/25L.n4,07R/25L.n5,1374.5217183048,30,07R/25L
14,07R/25L.n7_07R/25L.n8,PHX,07R/25L.n7,07R/25L.n8,901.2402873155,30,07R/25L
15,07R/25L.nG2_07R/25L.n3,PHX,07R/25L.nG2,07R/25L.n3,928.2047372257,30,07R/25L
16,07R/25L.nG6_07R/25L.nH6,PHX,07R/25L.nG6,07R/25L.nH6,574.9090018921,30,07R/25L
17,07R/25L.nH2_07R/25L.nG2,PHX,07R/25L.nH2,07R/25L.nG2,493.695350945,30,07R/25L
18,07R/25L.nH6_07R/25L.n7,PHX,07R/25L.nH6,07R/25L.n7,310.9447229535,30,07R/25L
19,08/26.1_08/26.2,PHX,08/26.1,08/26.2,340.7380417103,30,08/26
21,08/26.11_08/26.12,PHX,08/26.11,08/26.12,1437.956,30,08/26
22,08/26.12_08/26.13,PHX,08/26.12,08/26.13,351.0073737054,30,08/26
23,08/26.2_08/26.3,PHX,08/26.2,08/26.3,544.986,30,08/26
24,08/26.3_08/26.4,PHX,08/26.3,08/26.4,1756.8932647707,30,08/26
25,08/26.4_08/26.5,PHX,08/26.4,08/26.5,950.4802013814,30,08/26
26,08/26.5_08/26.6,PHX,08/26.5,08/26.6,724.1330059482,30,08/26
29,08/26.8_08/26.9,PHX,08/26.8,08/26.9,579.012159574,30,08/26
30,08/26.9_08/26.10,PHX,08/26.9,08/26.10,897.0358708453,30,08/26
31,B.n1_B.n2,PHX,B.n1,B.n2,401.618,10,null
34,B.n12_B.n13,PHX,B.n12,B.n13,400.675,10,null
35,B.n13_B.n14,PHX,B.n13,B.n14,298.9653586903,10,null
36,B.n14_B.n15,PHX,B.n14,B.n15,348.8972385317,10,null
37,B.n2_B.n3,PHX,B.n2,B.n3,509.361,10,null
38,B.n3_B.n4,PHX,B.n3,B.n4,1486.4215816233,10,null
39,B.n4_B.n5,PHX,B.n4,B.n5,918.5185998427,10,null
43,B.n8_Taxiway Intersection (24),PHX,B.n8,Taxiway Intersection (24),495.7558255619,10,null
45,B.n1_08/26.1,PHX,B.n1,08/26.1,365.0666730262,10,null
48,B.n12_08/26.12,PHX,B.n12,08/26.12,398.397,10,null
49,B.n13_08/26.13,PHX,B.n13,08/26.13,345.9507356493,10,null
50,B.n2_08/26.2,PHX,B.n2,08/26.2,406.782,10,null
51,B.n3_08/26.3,PHX,B.n3,08/26.3,412.442,10,null
52,B.n4_08/26.4,PHX,B.n4,08/26.4,464.1564329112,10,null
58,C.n1_C.n2,PHX,C.n1,C.n2,365.545,10,null
60,C.n2_C.n3,PHX,C.n2,C.n3,514.839,10,null
61,C.n3_Taxiway Intersection (27),PHX,C.n3,Taxiway Intersection (27),257.0771012007,10,null
62,C.n4_C.n5,PHX,C.n4,C.n5,1039.727,10,null
63,C.n5_C.n6,PHX,C.n5,C.n6,949.911,10,null
64,C.n6_Taxiway Intersection (28),PHX,C.n6,Taxiway Intersection (28),290.182,10,null
65,C.n7_Taxiway Intersection (44),PHX,C.n7,Taxiway Intersection (44),203.747,10,null
68,C.nB13_B.n13,PHX,C.nB13,B.n13,149.8858914624,10,null
69,C.nB4_C.n4,PHX,C.nB4,C.n4,988.88,10,null
70,C.nB4_B.n4,PHX,C.nB4,B.n4,227.3939750011,10,null
71,C.nS_Taxiway Intersection (32),PHX,C.nS,Taxiway Intersection (32),239.636,10,null
72,C.nS_B.n9,PHX,C.nS,B.n9,219.1018432005,10,null
73,C.nT_C.nS,PHX,C.nT,C.nS,228.0087534998,10,null
74,C.nT_Taxiway Intersection (24),PHX,C.nT,Taxiway Intersection (24),229.0951359796,10,null
75,C.n1_B.n1,PHX,C.n1,B.n1,231.848,10,null
77,C.n2_B.n2,PHX,C.n2,B.n2,267.509,10,null
78,C.n3_B.n3,PHX,C.n3,B.n3,265.597,10,null
79,C.n4_B.n5,PHX,C.n4,B.n5,240.6537347876,10,null
80,C.n5_B.n6,PHX,C.n5,B.n6,252.6915737899,10,null
81,C.n6_B.n7,PHX,C.n6,B.n7,286.097,10,null
83,C.n8_B.n10,PHX,C.n8,B.n10,220.9029818284,10,null
84,C.n9_B.n11,PHX,C.n9,B.n11,224.1461907308,10,null
85,D.nS_Taxiway Intersection (31),PHX,D.nS,Taxiway Intersection (31),1579.562,10,null
87,D.n10_Taxiway Intersection (29),PHX,D.n10,Taxiway Intersection (29),300.504,10,null
88,D.n11_Taxiway Intersection (25),PHX,D.n11,Taxiway Intersection (25),245.4,10,null
89,D.n12_Taxiway Intersection (18),PHX,D.n12,Taxiway Intersection (18),306.286,10,null
90,D.n2_D.n3,PHX,D.n2,D.n3,580.613,10,null
91,D.n3_D.n4,PHX,D.n3,D.n4,338.878,10,null
94,D.n6_D.n7,PHX,D.n6,D.n7,967.569,10,null
97,D.n9_Taxiway Intersection (22),PHX,D.n9,Taxiway Intersection (22),867.762,10,null
98,D.nS_D.n10,PHX,D.nS,D.n10,1026.065,10,null
99,D.n1_E.n3,PHX,D.n1,E.n3,267.42,10,null
104,D.n2_E.n4,PHX,D.n2,E.n4,332.936,10,null
105,D.n3_E.nD3,PHX,D.n3,E.nD3,264.159,10,null
106,D.n4_E.nD4,PHX,D.n4,E.nD4,267.417,10,null
107,D.n5_E.nD5,PHX,D.n5,E.nD5,263.916,10,null
108,D.n6_E.nD6,PHX,D.n6,E.nD6,314.007,10,null
111,D.n9_Taxiway Intersection (50),PHX,D.n9,Taxiway Intersection (50),269.645,10,null
113,E.n10_E.nD10,PHX,E.n10,E.nD10,461.2839566033,10,null
114,E.n11_Taxiway Intersection (42),PHX,E.n11,Taxiway Intersection (42),230.727484406,10,null
115,E.n12_E.n13,PHX,E.n12,E.n13,313.372,10,null
116,E.n3_E.n4,PHX,E.n3,E.n4,552.599,10,null
117,E.n4_E.nD3,PHX,E.n4,E.nD3,785.506,10,null
118,E.n5_E.nD5,PHX,E.n5,E.nD5,524.661,10,null
119,E.n6_E.nD6,PHX,E.n6,E.nD6,305.719,10,null
121,E.n8_Taxiway Intersection (50),PHX,E.n8,Taxiway Intersection (50),159.8919703457,10,null
122,E.n9_Taxiway Intersection (23),PHX,E.n9,Taxiway Intersection (23),229.3603458514,10,null
124,E.nD12_E.n12,PHX,E.nD12,E.n12,204.1797966954,10,null
125,E.nD3_E.nD4,PHX,E.nD3,E.nD4,334.904,10,null
126,E.nD4_E.n5,PHX,E.nD4,E.n5,477.117,10,null
127,E.nD5_E.n6,PHX,E.nD5,E.n6,761.809,10,null
128,E.nD6_E.n7,PHX,E.nD6,E.n7,349.1018268386,10,null
129,E.nD7_E.nD8,PHX,E.nD7,E.nD8,327.9675659517,10,null
135,07L/25R.3_E.n3,PHX,07L/25R.3,E.n3,392.919,10,null
136,07L/25R.4_E.n4,PHX,07L/25R.4,E.n4,405.431,10,null
137,07L/25R.5_E.n5,PHX,07L/25R.5,E.n5,390.167,10,null
138,07L/25R.6_E.n6,PHX,07L/25R.6,E.n6,388.186,10,null
142,F.n10_F.nG8,PHX,F.n10,F.nG8,457.436,10,null
143,F.n11_F.n12,PHX,F.n11,F.n12,1233.9733988805,10,null
144,F.n12_F.n13,PHX,F.n12,F.n13,450.829,10,null
145,F.n3_F.n4,PHX,F.n3,F.n4,487.438,10,null
146,F.n4_F.nG3,PHX,F.n4,F.nG3,1052.7138922847,10,null
147,F.n6_F.n5,PHX,F.n6,F.n5,1427.9962003733,10,null
148,F.n5_F.n8,PHX,F.n5,F.n8,344.5932062732,10,null
149,F.n8_F.nG6,PHX,F.n8,F.nG6,495.9368567018,10,null
151,F.nG3_F.nG4,PHX,F.nG3,F.nG4,1273.936347647,10,null
152,F.nG4_F.n6,PHX,F.nG4,F.n6,238.0092112643,10,null
153,F.nG6_F.n9,PHX,F.nG6,F.n9,155.2331397594,10,null
154,F.nG7_F.n10,PHX,F.nG7,F.n10,200.3564430419,10,null
155,F.nG8_F.n11,PHX,F.nG8,F.n11,559.5321458071,10,null
156,F.n10_07L/25R.10,PHX,F.n10,07L/25R.10,397.856,10,null
157,F.n11_07L/25R.11,PHX,F.n11,07L/25R.11,342.4086186605,10,null
158,F.n12_07L/25R.12,PHX,F.n12,07L/25R.12,413.734,10,null
159,F.n13_07L/25R.13,PHX,F.n13,07L/25R.13,327.9210542965,10,null
160,F.n3_07L/25R.3,PHX,F.n3,07L/25R.3,401.308,10,null
161,F.n4_07L/25R.4,PHX,F.n4,07L/25R.4,402.57,10,null
163,F.n8_07L/25R.8,PHX,F.n8,07L/25R.8,353.1378394612,10,null
165,F.n3_07R/25L.n1,PHX,F.n3,07R/25L.n1,398.427,10,null
168,F.nG4_07R/25L.n4,PHX,F.nG4,07R/25L.n4,342.2802953523,10,null
169,F.n5_07R/25L.n5,PHX,F.n5,07R/25L.n5,514.989,10,null
170,F.nG6_07R/25L.nG6,PHX,F.nG6,07R/25L.nG6,592.41,10,null
172,F.nG8_07R/25L.n8,PHX,F.nG8,07R/25L.n8,391.857,10,null
173,H.n1_H.n2,PHX,H.n1,H.n2,278.325,10,null
174,H.n2_Taxiway Intersection (15),PHX,H.n2,Taxiway Intersection (15),513.346,10,null
175,H.n3_Taxiway Intersection (20),PHX,H.n3,Taxiway Intersection (20),361.885,10,null
176,H.n4_Taxiway Intersection (49),PHX,H.n4,Taxiway Intersection (49),505.439,10,null
178,H.n6_H.n7,PHX,H.n6,H.n7,276.335558119,10,null
179,H.n1_07R/25L.n1,PHX,H.n1,07R/25L.n1,366.65,10,null
180,H.n2_07R/25L.nH2,PHX,H.n2,07R/25L.nH2,412.631,10,null
182,H.n4_07R/25L.n4,PHX,H.n4,07R/25L.n4,342.0957930455,10,null
184,H.n6_07R/25L.nH6,PHX,H.n6,07R/25L.nH6,352.6352157804,10,null
185,H.n7_07R/25L.n7,PHX,H.n7,07R/25L.n7,336.2224682956,10,null
186,SpotSW.4_D.n6,PHX,SpotSW.4,D.n6,165.708,10,null
187,Terminal2S.D_SpotSW.3,PHX,Terminal2S.D,SpotSW.3,175.5292164558,10,null
188,Terminal3N.A_Taxiway Intersection (43),PHX,Terminal3N.A,Taxiway Intersection (43),110.8055264574,10,null
189,Terminal3N.D_Taxiway Intersection (46),PHX,Terminal3N.D,Taxiway Intersection (46),168.9274812217,10,null
190,Terminal3S.A_SpotSW.1,PHX,Terminal3S.A,SpotSW.1,236.8120664667,10,null
191,SpotSW.2_D.n8,PHX,SpotSW.2,D.n8,129.753,10,null
192,Terminal4N.A_SpotNE.6,PHX,Terminal4N.A,SpotNE.6,228.6610743899,10,null
193,Terminal4N.D_SpotNE.5,PHX,Terminal4N.D,SpotNE.5,92.6693400276,10,null
194,Terminal4S.A_SpotNE.13,PHX,Terminal4S.A,SpotNE.13,83.2040818953,10,null
195,Terminal4S.D_SpotNE.12,PHX,Terminal4S.D,SpotNE.12,96.4638619683,10,null
197,W.Cargo.D_SpotW.1,PHX,W.Cargo.D,SpotW.1,161.4550652142,10,null
198,B.n15_08/26.13,PHX,B.n15,08/26.13,290.0995594644,10,null
199,B.n15_Taxiway Intersection (12),PHX,B.n15,Taxiway Intersection (12),346.4333884495,10,null
200,Taxiway Intersection (12)_Taxiway Intersection (11),PHX,Taxiway Intersection (12),Taxiway Intersection (11),426.257,10,null
201,Taxiway Intersection (11)_Taxiway Intersection (10),PHX,Taxiway Intersection (11),Taxiway Intersection (10),426.241,10,null
202,Taxiway Intersection (11)_08/26.13,PHX,Taxiway Intersection (11),08/26.13,336.2070194003,10,null
203,Taxiway Intersection (10)_08/26.12,PHX,Taxiway Intersection (10),08/26.12,385.754,10,null
204,Taxiway Intersection (9)_08/26.11,PHX,Taxiway Intersection (9),08/26.11,404.195,10,null
205,Taxiway Intersection (10)_Taxiway Intersection (9),PHX,Taxiway Intersection (10),Taxiway Intersection (9),1431.07,10,null
206,Taxiway Intersection (8)_Taxiway Intersection (9),PHX,Taxiway Intersection (8),Taxiway Intersection (9),852.608,10,null
208,Taxiway Intersection (7)_Taxiway Intersection (8),PHX,Taxiway Intersection (7),Taxiway Intersection (8),1857.199,10,null
209,08/26.8_Taxiway Intersection (7),PHX,08/26.8,Taxiway Intersection (7),344.6424562552,10,null
210,Taxiway Intersection (6)_08/26.7,PHX,Taxiway Intersection (6),08/26.7,329.1146620825,10,null
211,Taxiway Intersection (7)_Taxiway Intersection (6),PHX,Taxiway Intersection (7),Taxiway Intersection (6),1004.818,10,null
212,08/26.6_Taxiway Intersection (5),PHX,08/26.6,Taxiway Intersection (5),364.2623091141,10,null
213,Taxiway Intersection (6)_Taxiway Intersection (5),PHX,Taxiway Intersection (6),Taxiway Intersection (5),790.5883401351,10,null
214,Taxiway Intersection (4)_08/26.4,PHX,Taxiway Intersection (4),08/26.4,373.5497634131,10,null
215,Taxiway Intersection (5)_Taxiway Intersection (4),PHX,Taxiway Intersection (5),Taxiway Intersection (4),1800.9256314327,10,null
216,Taxiway Intersection (3)_08/26.3,PHX,Taxiway Intersection (3),08/26.3,382.065,10,null
217,08/26.2_Taxiway Intersection (2),PHX,08/26.2,Taxiway Intersection (2),372.188,10,null
219,Taxiway Intersection (2)_Taxiway Intersection (1),PHX,Taxiway Intersection (2),Taxiway Intersection (1),307.2744432755,10,null
221,08/26.1_Taxiway Intersection (1),PHX,08/26.1,Taxiway Intersection (1),314.9010832951,10,null
222,Taxiway Intersection (13)_D.n13,PHX,Taxiway Intersection (13),D.n13,305.678,10,null
223,Taxiway Intersection (14)_Taxiway Intersection (13),PHX,Taxiway Intersection (14),Taxiway Intersection (13),263.509,10,null
225,Taxiway Intersection (15)_SpotS.6,PHX,Taxiway Intersection (15),SpotS.6,154.983,10,null
226,Taxiway Intersection (15)_H.n3,PHX,Taxiway Intersection (15),H.n3,596.148,10,null
227,S.Cargo.X2_SpotS.4,PHX,S.Cargo.X2,SpotS.4,403.6013672567,10,null
228,Taxiway Intersection (16)_SpotS.3,PHX,Taxiway Intersection (16),SpotS.3,160.29,10,null
229,Taxiway Intersection (16)_Taxiway Intersection (17),PHX,Taxiway Intersection (16),Taxiway Intersection (17),477.091,10,null
230,Taxiway Intersection (17)_H.n4,PHX,Taxiway Intersection (17),H.n4,235.363,10,null
231,Taxiway Intersection (17)_SpotS.2,PHX,Taxiway Intersection (17),SpotS.2,154.004,10,null
232,SpotNE.16_Terminal4S.Z3,PHX,SpotNE.16,Terminal4S.Z3,244.3040583839,10,null
233,SpotNE.15_Terminal4S.Z4,PHX,SpotNE.15,Terminal4S.Z4,267.826,10,null
234,SpotNE.11_Terminal4S.X1,PHX,SpotNE.11,Terminal4S.X1,123.4542113995,10,null
235,Taxiway Intersection (18)_Taxiway Intersection (19),PHX,Taxiway Intersection (18),Taxiway Intersection (19),211.4270773212,10,null
236,Taxiway Intersection (19)_D.n13,PHX,Taxiway Intersection (19),D.n13,125.2538094633,10,null
237,Taxiway Intersection (18)_Terminal4S.X3,PHX,Taxiway Intersection (18),Terminal4S.X3,94.5334090662,10,null
238,Taxiway Intersection (19)_Terminal4S.X2,PHX,Taxiway Intersection (19),Terminal4S.X2,96.6714368212,10,null
239,Taxiway Intersection (20)_Taxiway Intersection (16),PHX,Taxiway Intersection (20),Taxiway Intersection (16),671.088,10,null
240,Taxiway Intersection (21)_E.n10,PHX,Taxiway Intersection (21),E.n10,253.7331144564,10,null
242,Taxiway Intersection (22)_D.nS,PHX,Taxiway Intersection (22),D.nS,271.003,10,null
244,C.nT_Taxiway Intersection (22),PHX,C.nT,Taxiway Intersection (22),1954.4005013898,10,null
245,Taxiway Intersection (24)_B.n9,PHX,Taxiway Intersection (24),B.n9,197.0628817915,10,null
246,B.n14_Terminal5.X1,PHX,B.n14,Terminal5.X1,172.9565462802,10,null
247,Terminal5.X1_SpotE.1,PHX,Terminal5.X1,SpotE.1,197.325,10,null
248,SpotNE.14_Terminal4S.Z1,PHX,SpotNE.14,Terminal4S.Z1,142.2474812105,10,null
250,E.n13_Taxiway Intersection (14),PHX,E.n13,Taxiway Intersection (14),286.8,10,null
251,Taxiway Intersection (25)_Terminal4S.Y2,PHX,Taxiway Intersection (25),Terminal4S.Y2,94.676467596,10,null
252,Taxiway Intersection (26)_Terminal4S.Y1,PHX,Taxiway Intersection (26),Terminal4S.Y1,90.1921198942,10,null
253,Taxiway Intersection (25)_Taxiway Intersection (26),PHX,Taxiway Intersection (25),Taxiway Intersection (26),217.693,10,null
254,Taxiway Intersection (26)_D.n12,PHX,Taxiway Intersection (26),D.n12,293.199,10,null
255,W.Cargo.D_W.Cargo.X1,PHX,W.Cargo.D,W.Cargo.X1,224.832985875,10,null
256,W.Cargo.X1_SpotW.2,PHX,W.Cargo.X1,SpotW.2,176.088,10,null
257,Taxiway Intersection (27)_C.nB4,PHX,Taxiway Intersection (27),C.nB4,1260.3806150177,10,null
258,Taxiway Intersection (13)_SpotE.2,PHX,Taxiway Intersection (13),SpotE.2,161.849,10,null
259,C.n5_W.Hold.2,PHX,C.n5,W.Hold.2,202.876,10,null
260,W.Hold.2_W.Hold.1,PHX,W.Hold.2,W.Hold.1,574.022,10,null
261,W.Hold.1_C.n6,PHX,W.Hold.1,C.n6,377.082,10,null
262,C.n4_W.Hold.3,PHX,C.n4,W.Hold.3,220.796,10,null
263,W.Hold.3_W.Hold.2,PHX,W.Hold.3,W.Hold.2,1007.463,10,null
264,Taxiway Intersection (30)_Taxiway Intersection (29),PHX,Taxiway Intersection (30),Taxiway Intersection (29),147.358,10,null
265,Taxiway Intersection (30)_D.n11,PHX,Taxiway Intersection (30),D.n11,281.015,10,null
266,Terminal4S.Z2_Taxiway Intersection (30),PHX,Terminal4S.Z2,Taxiway Intersection (30),88.6297463678,10,null
267,Terminal4S.Z5_Taxiway Intersection (29),PHX,Terminal4S.Z5,Taxiway Intersection (29),91.3402581517,10,null
268,Terminal4N.X5_SpotNE.8,PHX,Terminal4N.X5,SpotNE.8,97.3892068379,10,null
269,Terminal4N.X6_SpotNE.7,PHX,Terminal4N.X6,SpotNE.7,97.6045578932,10,null
270,Terminal4N.X7_SpotNE.4,PHX,Terminal4N.X7,SpotNE.4,115.5813647089,10,null
271,Terminal4N.X8_SpotNE.3,PHX,Terminal4N.X8,SpotNE.3,136.8466998575,10,null
272,Taxiway Intersection (31)_C.nS,PHX,Taxiway Intersection (31),C.nS,678.805,10,null
273,Taxiway Intersection (32)_Taxiway Intersection (33),PHX,Taxiway Intersection (32),Taxiway Intersection (33),268.544,10,null
274,Taxiway Intersection (33)_Taxiway Intersection (34),PHX,Taxiway Intersection (33),Taxiway Intersection (34),249.977,10,null
276,Taxiway Intersection (35)_Taxiway Intersection (36),PHX,Taxiway Intersection (35),Taxiway Intersection (36),285.582,10,null
277,Taxiway Intersection (36)_C.n9,PHX,Taxiway Intersection (36),C.n9,153.4475900986,10,null
278,Taxiway Intersection (37)_Taxiway Intersection (38),PHX,Taxiway Intersection (37),Taxiway Intersection (38),281.9068354126,10,null
279,Taxiway Intersection (38)_C.n10,PHX,Taxiway Intersection (38),C.n10,101.0051239554,10,null
280,Taxiway Intersection (39)_Taxiway Intersection (40),PHX,Taxiway Intersection (39),Taxiway Intersection (40),220.9298051718,10,null
281,Taxiway Intersection (40)_Taxiway Intersection (41),PHX,Taxiway Intersection (40),Taxiway Intersection (41),167.0400224834,10,null
283,Terminal4N.X2_SpotNE.9,PHX,Terminal4N.X2,SpotNE.9,187.5766544153,10,null
284,Terminal4N.X3_Taxiway Intersection (33),PHX,Terminal4N.X3,Taxiway Intersection (33),115.1971596634,10,null
285,Terminal4N.X4_Taxiway Intersection (34),PHX,Terminal4N.X4,Taxiway Intersection (34),119.921036672,10,null
286,Terminal4N.X15_Taxiway Intersection (35),PHX,Terminal4N.X15,Taxiway Intersection (35),115.1409432263,10,null
287,Terminal4N.X14_Taxiway Intersection (36),PHX,Terminal4N.X14,Taxiway Intersection (36),121.9547565535,10,null
288,Terminal4N.X13_Taxiway Intersection (37),PHX,Terminal4N.X13,Taxiway Intersection (37),116.3855755487,10,null
289,Terminal4N.X12_Taxiway Intersection (38),PHX,Terminal4N.X12,Taxiway Intersection (38),144.0276276002,10,null
290,Terminal4N.X11_Taxiway Intersection (39),PHX,Terminal4N.X11,Taxiway Intersection (39),123.9433095245,10,null
291,Terminal4N.X10_Taxiway Intersection (40),PHX,Terminal4N.X10,Taxiway Intersection (40),121.4112630926,10,null
292,Terminal4N.X9_SpotNE.2,PHX,Terminal4N.X9,SpotNE.2,309.0475734032,10,null
294,Terminal4N.X1_SpotNE.10,PHX,Terminal4N.X1,SpotNE.10,77.8443312236,10,null
295,Taxiway Intersection (43)_SpotCE.4,PHX,Taxiway Intersection (43),SpotCE.4,84.2786179446,10,null
296,Taxiway Intersection (43)_E.Hold.1,PHX,Taxiway Intersection (43),E.Hold.1,184.7741593343,10,null
297,E.Hold.1_SpotCE.5,PHX,E.Hold.1,SpotCE.5,89.863,10,null
298,E.Hold.1_E.Hold.2,PHX,E.Hold.1,E.Hold.2,193.981,10,null
299,E.Hold.2_SpotCE.7,PHX,E.Hold.2,SpotCE.7,90.352,10,null
300,E.Hold.2_E.Hold.3,PHX,E.Hold.2,E.Hold.3,168.204,10,null
301,E.Hold.3_SpotCE.6,PHX,E.Hold.3,SpotCE.6,114.582,10,null
302,Taxiway Intersection (46)_Terminal3N.D,PHX,Taxiway Intersection (46),Terminal3N.D,168.9274812217,10,null
303,N26_SpotCE.2,PHX,N26,SpotCE.2,147.489,10,null
304,N25_SpotCE.3,PHX,N25,SpotCE.3,157.311,10,null
306,Taxiway Intersection (48)_Taxiway Intersection (13),PHX,Taxiway Intersection (48),Taxiway Intersection (13),1547.243,10,null
307,Terminal3N.X4_SpotNE.1,PHX,Terminal3N.X4,SpotNE.1,81.1773509401,10,null
311,Terminal5S.X1_SpotS.1,PHX,Terminal5S.X1,SpotS.1,118.7119364798,10,null
313,Taxiway Intersection (28)_Taxiway Intersection (47),PHX,Taxiway Intersection (28),Taxiway Intersection (47),299.923,10,null
314,Taxiway Intersection (47)_C.n7,PHX,Taxiway Intersection (47),C.n7,579.689,10,null
315,SpotNE.1_Taxiway Intersection (48),PHX,SpotNE.1,Taxiway Intersection (48),143.9519250609,10,null
316,SpotNE.2_Taxiway Intersection (41),PHX,SpotNE.2,Taxiway Intersection (41),118.6909819126,10,null
318,SpotNE.4_C.n10,PHX,SpotNE.4,C.n10,120.6211525002,10,null
320,SpotNE.6_C.n9,PHX,SpotNE.6,C.n9,116.242172243,10,null
321,SpotNE.7_C.n8,PHX,SpotNE.7,C.n8,139.2609987278,10,null
322,SpotNE.8_C.n8,PHX,SpotNE.8,C.n8,123.8201821615,10,null
323,SpotNE.9_Taxiway Intersection (32),PHX,SpotNE.9,Taxiway Intersection (32),130.613,10,null
324,SpotNE.10_Taxiway Intersection (31),PHX,SpotNE.10,Taxiway Intersection (31),136.562,10,null
325,SpotS.6_S.Cargo.X1,PHX,SpotS.6,S.Cargo.X1,254.091,10,null
326,SpotS.4_Taxiway Intersection (20),PHX,SpotS.4,Taxiway Intersection (20),152.541,10,null
327,SpotS.3_S.Cargo.D,PHX,SpotS.3,S.Cargo.D,122.2818468969,10,null
328,SpotS.2_S.Cargo.A,PHX,SpotS.2,S.Cargo.A,124.9520658895,10,null
329,SpotS.1_Taxiway Intersection (49),PHX,SpotS.1,Taxiway Intersection (49),164.539,10,null
330,SpotSW.4_Terminal2S.A,PHX,SpotSW.4,Terminal2S.A,100.0170677127,10,null
331,D.n7_SpotSW.3,PHX,D.n7,SpotSW.3,146.1,10,null
332,SpotSW.2_Terminal3S.D,PHX,SpotSW.2,Terminal3S.D,71.1026514345,10,null
333,SpotSW.1_D.n9,PHX,SpotSW.1,D.n9,88.5657530175,10,null
334,D.n10_SpotNE.16,PHX,D.n10,SpotNE.16,103.334,10,null
335,D.n11_SpotNE.15,PHX,D.n11,SpotNE.15,121.583,10,null
336,D.n11_SpotNE.14,PHX,D.n11,SpotNE.14,122.488,10,null
337,D.n12_SpotNE.13,PHX,D.n12,SpotNE.13,115.493,10,null
338,D.n12_SpotNE.12,PHX,D.n12,SpotNE.12,128.912,10,null
339,SpotNE.11_D.n13,PHX,SpotNE.11,D.n13,114.092,10,null
340,SpotE.1_Terminal5.X2,PHX,SpotE.1,Terminal5.X2,156.3528489382,10,null
341,SpotE.2_SE.Cargo.X1,PHX,SpotE.2,SE.Cargo.X1,247.7230670687,10,null
342,SpotCE.2_Taxiway Intersection (47),PHX,SpotCE.2,Taxiway Intersection (47),160.253,10,null
343,SpotCE.3_C.n7,PHX,SpotCE.3,C.n7,326.325,10,null
344,SpotCE.4_C.n7,PHX,SpotCE.4,C.n7,159.078,10,null
345,SpotCE.5_Taxiway Intersection (44),PHX,SpotCE.5,Taxiway Intersection (44),165.054,10,null
346,SpotCE.7_Taxiway Intersection (45),PHX,SpotCE.7,Taxiway Intersection (45),213.695,10,null
347,SpotCE.6_C.nT,PHX,SpotCE.6,C.nT,205.7822615302,10,null
348,SpotW.1_D.n1,PHX,SpotW.1,D.n1,194.552,10,null
349,SpotW.2_E.n3,PHX,SpotW.2,E.n3,195.77,10,null
350,Taxiway Intersection (50)_E.n9,PHX,Taxiway Intersection (50),E.n9,588.5401255208,10,null
351,Taxiway Intersection (44)_Taxiway Intersection (45),PHX,Taxiway Intersection (44),Taxiway Intersection (45),377.539,10,null
352,Taxiway Intersection (45)_C.nT,PHX,Taxiway Intersection (45),C.nT,204.7233262678,10,null
10004,4_G.D6.01,PHX,4,G.D6.01,198.0844760651,10,null
10005,6A_G.D6.02,PHX,6A,G.D6.02,228.4229177164,10,null
10006,6B_G.D6.03,PHX,6B,G.D6.03,258.4285394262,10,null
10007,8_G.D6.04,PHX,8,G.D6.04,286.2437151738,10,null
10008,10_Terminal2S.A,PHX,10,Terminal2S.A,228.4358882802,10,null
10009,G.D6.01_G.D6.02,PHX,G.D6.01,G.D6.02,135.9655301481,10,null
10010,G.D6.02_G.D6.03,PHX,G.D6.02,G.D6.03,159.2436944109,10,null
10011,G.D6.03_G.D6.04,PHX,G.D6.03,G.D6.04,134.346567751,10,null
10012,G.D6.04_Terminal2S.A,PHX,G.D6.04,Terminal2S.A,155.7323563525,10,null
10013,11_SpotSW.3,PHX,11,SpotSW.3,270.4652128711,10,null
10014,7_Terminal2S.D,PHX,7,Terminal2S.D,269.6080375886,10,null
10015,5_G.D7.01,PHX,5,G.D7.01,319.0762581576,10,null
10016,3_G.D7.01,PHX,3,G.D7.01,311.0858549053,10,null
10017,G.D7.01_Terminal2S.D,PHX,G.D7.01,Terminal2S.D,111.027471144,10,null
10018,S5_G.D8.02,PHX,S5,G.D8.02,225.7517817233,10,null
10019,S7_G.D8.01,PHX,S7,G.D8.01,219.7203452837,10,null
10020,S9_Terminal3S.D,PHX,S9,Terminal3S.D,215.9765003339,10,null
10021,G.D8.02_G.D8.01,PHX,G.D8.02,G.D8.01,132.7896937677,10,null
10022,G.D8.01_Terminal3S.D,PHX,G.D8.01,Terminal3S.D,105.3931621007,10,null
10023,S6_SpotSW.1,PHX,S6,SpotSW.1,267.4465157641,10,null
10024,S4_Terminal3S.A,PHX,S4,Terminal3S.A,213.0749543598,10,null
10025,S2_G.D9.01,PHX,S2,G.D9.01,134.9404366729,10,null
10026,G.D9.01_Terminal3S.A,PHX,G.D9.01,Terminal3S.A,212.2632995444,10,null
10027,D7_Terminal4S.Z5,PHX,D7,Terminal4S.Z5,127.9912201468,10,null
10028,D8_Terminal4S.Z2,PHX,D8,Terminal4S.Z2,130.1256997529,10,null
10029,D6_SpotNE.15,PHX,D6,SpotNE.15,262.2562218596,10,null
10030,D4_Terminal4S.Z4,PHX,D4,Terminal4S.Z4,172.3561428781,10,null
10031,D5_SpotNE.16,PHX,D5,SpotNE.16,239.3413153116,10,null
10032,D3_Terminal4S.Z3,PHX,D3,Terminal4S.Z3,150.9049643088,10,null
10033,D1_G.D10.01,PHX,D1,G.D10.01,143.1553979909,10,null
10034,G.D10.01_Terminal4S.Z3,PHX,G.D10.01,Terminal4S.Z3,134.2632273824,10,null
10035,D2_G.D11.01,PHX,D2,G.D11.01,150.7485389437,10,null
10036,G.D11.01_Terminal4S.Z4,PHX,G.D11.01,Terminal4S.Z4,168.4960281407,10,null
10037,C1_G.D11.03,PHX,C1,G.D11.03,149.7310887124,10,null
10038,C3_G.D11.02,PHX,C3,G.D11.02,155.2611778955,10,null
10039,C7_Terminal4S.Z1,PHX,C7,Terminal4S.Z1,155.4003511688,10,null
10040,G.D11.03_G.D11.02,PHX,G.D11.03,G.D11.02,124.1503128622,10,null
10041,G.D11.02_Terminal4S.Z1,PHX,G.D11.02,Terminal4S.Z1,123.3314855091,10,null
10042,C9_Terminal4S.Y2,PHX,C9,Terminal4S.Y2,133.6389813828,10,null
10043,C8_Terminal4S.Y1,PHX,C8,Terminal4S.Y1,121.112630986,10,null
10044,C6_Terminal4S.A,PHX,C6,Terminal4S.A,186.3264020669,10,null
10045,C2_G.D12.01,PHX,C2,G.D12.01,150.2970269294,10,null
10046,C4_G.D12.02,PHX,C4,G.D12.02,150.3619939363,10,null
10047,C11_G.D12.03,PHX,C11,G.D12.03,148.6065306939,10,null
10048,C13_G.D12.04,PHX,C13,G.D12.04,154.9869406777,10,null
10049,C17_Terminal4S.D,PHX,C17,Terminal4S.D,166.6778742414,10,null
10050,G.D12.01_G.D12.02,PHX,G.D12.01,G.D12.02,131.183401577,10,null
10051,G.D12.02_Terminal4S.A,PHX,G.D12.02,Terminal4S.A,187.2051909729,10,null
10052,G.D12.03_G.D12.04,PHX,G.D12.03,G.D12.04,129.2422919923,10,null
10053,G.D12.04_Terminal4S.D,PHX,G.D12.04,Terminal4S.D,191.5613904446,10,null
10054,C19_Terminal4S.X3,PHX,C19,Terminal4S.X3,125.9045253501,10,null
10055,C18_Terminal4S.X2,PHX,C18,Terminal4S.X2,124.1214356936,10,null
10056,C12_G.D13.01,PHX,C12,G.D13.01,193.0789629729,10,null
10057,C14_G.D13.02,PHX,C14,G.D13.02,185.5550579863,10,null
10058,C16_Terminal4S.X1,PHX,C16,Terminal4S.X1,190.3165578177,10,null
10059,G.D13.01_G.D13.02,PHX,G.D13.01,G.D13.02,134.4733855617,10,null
10060,G.D13.02_Terminal4S.X1,PHX,G.D13.02,Terminal4S.X1,159.3096050655,10,null
10001,D.n4_T.D.01,PHX,D.n4,T.D.01,142.0447049403,10,null
10002,T.D.01_T.D.02,PHX,T.D.01,T.D.02,214.5100860531,10,null
10003,T.D.02_T.D.03,PHX,T.D.02,T.D.03,163.2529658963,10,null
10061,T.D.03_T.D.04,PHX,T.D.03,T.D.04,151.1161842738,10,null
10062,T.D.04_D.n5,PHX,T.D.04,D.n5,220.8541284835,10,null
10063,D.n5_T.D.05,PHX,D.n5,T.D.05,234.1974167931,10,null
10064,T.D.05_T.D.06,PHX,T.D.05,T.D.06,169.4450700052,10,null
10065,T.D.06_D.n6,PHX,T.D.06,D.n6,347.0357604815,10,null
10066,S.D4.01_T.D.01,PHX,S.D4.01,T.D.01,110.1120972178,10,null
10067,S.D4.01_O.D4.01,PHX,S.D4.01,O.D4.01,339.7622213527,10,null
10068,S.D4.02_T.D.02,PHX,S.D4.02,T.D.02,112.1648523757,10,null
10069,S.D4.02_O.D4.02,PHX,S.D4.02,O.D4.02,339.0558894009,10,null
10070,S.D4.03_T.D.03,PHX,S.D4.03,T.D.03,107.6567206646,10,null
10071,S.D4.03_O.D4.03,PHX,S.D4.03,O.D4.03,346.081185885,10,null
10072,S.D4.04_T.D.04,PHX,S.D4.04,T.D.04,108.7997539007,10,null
10073,S.D4.04_O.D4.04,PHX,S.D4.04,O.D4.04,343.9218980213,10,null
10074,S.D4.05_D.n5,PHX,S.D4.05,D.n5,132.0712740778,10,null
10075,S.D4.05_O.D4.05,PHX,S.D4.05,O.D4.05,345.5203450676,10,null
10076,S.D4.06_D.n5,PHX,S.D4.06,D.n5,138.1528866481,10,null
10077,S.D4.06_O.D4.06,PHX,S.D4.06,O.D4.06,340.2666604161,10,null
10078,S.D4.07_T.D.05,PHX,S.D4.07,T.D.05,110.8428231033,10,null
10079,S.D4.08_T.D.06,PHX,S.D4.08,T.D.06,108.7018756249,10,null
10080,S.D4.08_O.D4.08,PHX,S.D4.08,O.D4.08,337.4114267888,10,null
10081,S.D4.07_O.D4.07,PHX,S.D4.07,O.D4.07,342.264478659,10,null
10082,O.D4.08_O.D4.07,PHX,O.D4.08,O.D4.07,165.7198279582,10,null
10083,O.D4.07_O.D4.06,PHX,O.D4.07,O.D4.06,152.0303253714,10,null
10084,O.D4.06_O.D4.05,PHX,O.D4.06,O.D4.05,145.9958955426,10,null
10085,O.D4.05_O.D4.04,PHX,O.D4.05,O.D4.04,154.2165769849,10,null
10086,O.D4.04_O.D4.03,PHX,O.D4.04,O.D4.03,151.9205721569,10,null
10087,O.D4.03_O.D4.02,PHX,O.D4.03,O.D4.02,147.3627326858,10,null
10088,O.D4.02_O.D4.01,PHX,O.D4.02,O.D4.01,199.9476233388,10,null
10089,D.n1_D.n1D.n2,PHX,D.n1,D.n1D.n2,467.0298042022,10,null
10090,D.n1D.n2_D.n2,PHX,D.n1D.n2,D.n2,188.6370227586,10,null
10091,D.n1D.n2_S.D2.01,PHX,D.n1D.n2,S.D2.01,138.7889841603,10,null
10092,W.Cargo.A_W.Cargo.AW.Cargo.D,PHX,W.Cargo.A,W.Cargo.AW.Cargo.D,193.9446956297,10,null
10093,W.Cargo.AW.Cargo.D_W.Cargo.D,PHX,W.Cargo.AW.Cargo.D,W.Cargo.D,206.4615802594,10,null
10094,S.D2.01_O.D1.07,PHX,S.D2.01,O.D1.07,300.9003066148,10,null
10095,S.D2.01_G.D2.03,PHX,S.D2.01,G.D2.03,179.3674692013,10,null
10096,G.D2.03_G.D2.02,PHX,G.D2.03,G.D2.02,165.0436925667,10,null
10097,G.D2.02_G.D2.01,PHX,G.D2.02,G.D2.01,165.0521142601,10,null
10098,G.D2.01_W.Cargo.AW.Cargo.D,PHX,G.D2.01,W.Cargo.AW.Cargo.D,301.7553849854,10,null
10099,O.D1.04_G.D2.01,PHX,O.D1.04,G.D2.01,234.6271603771,10,null
10100,O.D1.05_G.D2.02,PHX,O.D1.05,G.D2.02,231.5935238165,10,null
10101,O.D1.06_G.D2.03,PHX,O.D1.06,G.D2.03,231.6859018448,10,null
10102,O.D1.01_W.Cargo.A,PHX,O.D1.01,W.Cargo.A,276.8334819945,10,null
10103,O.D1.02_W.Cargo.AW.Cargo.D,PHX,O.D1.02,W.Cargo.AW.Cargo.D,257.3477291841,10,null
10104,O.D1.03_W.Cargo.D,PHX,O.D1.03,W.Cargo.D,257.6003238483,10,null
10105,S.Cargo.D_G.H4.01,PHX,S.Cargo.D,G.H4.01,159.9820803578,10,null
10106,G.H4.01_G.H4.02,PHX,G.H4.01,G.H4.02,174.5956482632,10,null
10107,G.H4.02_G.H4.03,PHX,G.H4.02,G.H4.03,168.0225448329,10,null
10108,G.H4.03_G.H4.04,PHX,G.H4.03,G.H4.04,169.6478686011,10,null
10109,G.H4.04_G.H4.05,PHX,G.H4.04,G.H4.05,167.6773535631,10,null
10110,G.H4.05_G.H4.06,PHX,G.H4.05,G.H4.06,391.1133587177,10,null
10111,G.H4.06_G.H4.07,PHX,G.H4.06,G.H4.07,178.9834648984,10,null
10112,S.Cargo.A_G.H4.10,PHX,S.Cargo.A,G.H4.10,173.7669787525,10,null
10113,G.H4.10_G.H4.09,PHX,G.H4.10,G.H4.09,165.8164772894,10,null
10114,G.H4.09_G.H4.08,PHX,G.H4.09,G.H4.08,175.1933876423,10,null
10115,G.H4.08_G.H4.07,PHX,G.H4.08,G.H4.07,156.5074124198,10,null
10116,G.H4.01_G.H4.10,PHX,G.H4.01,G.H4.10,384.3071267885,10,null
10117,S.Cargo.D_S.Cargo.A,PHX,S.Cargo.D,S.Cargo.A,380.8010597978,10,null
10118,G.H4.02_G.H4.09,PHX,G.H4.02,G.H4.09,384.1462382806,10,null
10119,G.H4.03_G.H4.08,PHX,G.H4.03,G.H4.08,389.2342490502,10,null
10120,G.H4.04_G.H4.07,PHX,G.H4.04,G.H4.07,386.7704950262,10,null
10121,O.H4.01_G.H4.10,PHX,O.H4.01,G.H4.10,255.719665238,10,null
10122,O.H4.02_G.H4.09,PHX,O.H4.02,G.H4.09,248.406375634,10,null
10123,O.H4.03_G.H4.08,PHX,O.H4.03,G.H4.08,247.7936379324,10,null
10124,O.H4.04_G.H4.07,PHX,O.H4.04,G.H4.07,243.5652447429,10,null
10125,Terminal5S.X1_S.Cargo.A,PHX,Terminal5S.X1,S.Cargo.A,644.0772279474,10,null
10126,Terminal5S.X1_G.H.01,PHX,Terminal5S.X1,G.H.01,150.1394809184,10,null
10127,G.H.01_G.H.02,PHX,G.H.01,G.H.02,155.3318398105,10,null
10128,G.H.02_G.H.03,PHX,G.H.02,G.H.03,165.8001523622,10,null
10129,G.H.03_G.H.04,PHX,G.H.03,G.H.04,160.5640568852,10,null
10130,G.H.04_G.H.05,PHX,G.H.04,G.H.05,143.8527910822,10,null
10131,G.H.05_G.H.06,PHX,G.H.05,G.H.06,168.9595251728,10,null
10132,G.H.06_G.H.07,PHX,G.H.06,G.H.07,155.5551556319,10,null
10133,G.H.07_G.H.08,PHX,G.H.07,G.H.08,148.8657396237,10,null
10134,G.H.08_G.H.09,PHX,G.H.08,G.H.09,143.8787250265,10,null
10135,S.H.01_G.H.02,PHX,S.H.01,G.H.02,243.7402910857,10,null
10136,S.H.02_G.H.03,PHX,S.H.02,G.H.03,243.3778989114,10,null
10137,S.H.03_G.H.04,PHX,S.H.03,G.H.04,243.8936160371,10,null
10138,S.H.04_G.H.05,PHX,S.H.04,G.H.05,242.7583455729,10,null
10139,S.H.05_G.H.06,PHX,S.H.05,G.H.06,247.232945569,10,null
10140,S.H.06_G.H.07,PHX,S.H.06,G.H.07,245.9026852918,10,null
10141,S.H.07_G.H.08,PHX,S.H.07,G.H.08,244.0258601255,10,null
10142,S.H.08_G.H.09,PHX,S.H.08,G.H.09,249.0814951029,10,null
10143,S.H.08_T.H.08,PHX,S.H.08,T.H.08,111.609409909,10,null
10144,S.H.07_T.H.07,PHX,S.H.07,T.H.07,111.9964512873,10,null
10145,S.H.06_T.H.06,PHX,S.H.06,T.H.06,114.3250981469,10,null
10146,S.H.05_T.H.05,PHX,S.H.05,T.H.05,111.869330164,10,null
10147,S.H.04_T.H.04,PHX,S.H.04,T.H.04,111.1009151974,10,null
10148,S.H.03_T.H.03,PHX,S.H.03,T.H.03,110.9622199866,10,null
10149,S.H.02_T.H.02,PHX,S.H.02,T.H.02,110.6459663372,10,null
10150,S.H.01_T.H.01,PHX,S.H.01,T.H.01,111.8526531861,10,null
10151,Taxiway Intersection (49)_T.H.01,PHX,Taxiway Intersection (49),T.H.01,262.4515552419,10,null
10152,T.H.01_T.H.02,PHX,T.H.01,T.H.02,162.5724208877,10,null
10153,T.H.02_T.H.03,PHX,T.H.02,T.H.03,154.696375786,10,null
10154,T.H.03_T.H.04,PHX,T.H.03,T.H.04,157.2630660745,10,null
10155,T.H.04_T.H.05,PHX,T.H.04,T.H.05,156.3830253671,10,null
10156,T.H.05_T.H.06,PHX,T.H.05,T.H.06,130.3467386947,10,null
10157,T.H.06_H.n5,PHX,T.H.06,H.n5,102.352014346,10,null
10158,H.n5_T.H.07,PHX,H.n5,T.H.07,77.0304511712,10,null
10159,T.H.07_T.H.08,PHX,T.H.07,T.H.08,152.9786997465,10,null
10160,T.H.08_H.n6,PHX,T.H.08,H.n6,906.3344744992,10,null
10161,O.R.04_G.R.04,PHX,O.R.04,G.R.04,139.444215895,10,null
10162,O.R.03_G.R.03,PHX,O.R.03,G.R.03,140.0880278439,10,null
10163,O.R.02_G.R.02,PHX,O.R.02,G.R.02,137.3813155872,10,null
10164,O.R.01_G.R.01,PHX,O.R.01,G.R.01,138.0530329383,10,null
10165,G.R.04_G.R.03,PHX,G.R.04,G.R.03,86.5893395558,10,null
10166,G.R.03_G.R.02,PHX,G.R.03,G.R.02,141.4367007889,10,null
10167,G.R.02_G.R.01,PHX,G.R.02,G.R.01,92.5089446631,10,null
10168,G.R.01_SE.Cargo.X1,PHX,G.R.01,SE.Cargo.X1,132.643067107,10,null
10169,O.D7.02_Terminal2S.D,PHX,O.D7.02,Terminal2S.D,197.2932851446,10,null
10170,O.D7.01_G.D7.01,PHX,O.D7.01,G.D7.01,197.9806693313,10,null
10171,O.D7.03_SpotSW.3,PHX,O.D7.03,SpotSW.3,175.6038041515,10,null
10172,O.D8.01_G.D8.02,PHX,O.D8.01,G.D8.02,216.1078863015,10,null
10173,O.D8.02_G.D8.01,PHX,O.D8.02,G.D8.01,220.6688844218,10,null
10174,O.D8.03_Terminal3S.D,PHX,O.D8.03,Terminal3S.D,217.2364449364,10,null
10175,O.R.17_G.R.14,PHX,O.R.17,G.R.14,188.4389372373,10,null
10176,O.R.16_G.R.14,PHX,O.R.16,G.R.14,201.41036948,10,null
10177,G.R.14_G.R.13,PHX,G.R.14,G.R.13,185.8515020553,10,null
10178,G.R.13_G.R.12,PHX,G.R.13,G.R.12,130.6074587849,10,null
10179,G.R.12_G.R.11,PHX,G.R.12,G.R.11,105.5499198373,10,null
10180,S.R.01_G.R.11,PHX,S.R.01,G.R.11,156.0041108786,10,null
10181,S.R.01_O.R.11,PHX,S.R.01,O.R.11,143.349203452,10,null
10182,S.R.01_T.R.01,PHX,S.R.01,T.R.01,123.8382012425,10,null
10185,O.R.12_G.R.11,PHX,O.R.12,G.R.11,134.9518211923,10,null
10186,O.R.13_G.R.12,PHX,O.R.13,G.R.12,146.1734237887,10,null
10187,O.R.14_G.R.13,PHX,O.R.14,G.R.13,140.5234063089,10,null
10188,Terminal5.X2_G.R.15,PHX,Terminal5.X2,G.R.15,82.7637324541,10,null
10189,G.R.15_G.R.14,PHX,G.R.15,G.R.14,101.2048305391,10,null
10190,O.R.15_G.R.15,PHX,O.R.15,G.R.15,174.9786206556,10,null
10191,N24_Taxiway Intersection (46),PHX,N24,Taxiway Intersection (46),263.8005577942,10,null
10192,N20_Terminal3N.D,PHX,N20,Terminal3N.D,243.5943778148,10,null
10193,N18_G.C7.01,PHX,N18,G.C7.01,241.4128234741,10,null
10194,N16_G.C7.02,PHX,N16,G.C7.02,161.4287826639,10,null
10195,G.C7.02_G.C7.01,PHX,G.C7.02,G.C7.01,178.366231048,10,null
10196,G.C7.01_Terminal3N.D,PHX,G.C7.01,Terminal3N.D,176.7374697256,10,null
10197,N23_Terminal3N.A,PHX,N23,Terminal3N.A,251.5471508823,10,null
10198,N15_G.C8.01,PHX,N15,G.C8.01,231.8790660474,10,null
10199,N17_G.C8.02,PHX,N17,G.C8.02,255.8392198905,10,null
10200,N19_G.C8.03,PHX,N19,G.C8.03,246.6941106722,10,null
10201,O.C8.02_G.C8.03,PHX,O.C8.02,G.C8.03,176.756095607,10,null
10202,O.C8.03_G.C8.02,PHX,O.C8.03,G.C8.02,179.2454772843,10,null
10203,G.C8.01_G.C8.02,PHX,G.C8.01,G.C8.02,143.0378123362,10,null
10204,G.C8.02_G.C8.03,PHX,G.C8.02,G.C8.03,161.1471094657,10,null
10205,G.C8.03_Terminal3N.A,PHX,G.C8.03,Terminal3N.A,171.7998490732,10,null
10206,O.C8.01_Terminal3N.A,PHX,O.C8.01,Terminal3N.A,176.8107202065,10,null
10207,A30_Terminal4N.X3,PHX,A30,Terminal4N.X3,160.8885895054,10,null
10208,A29_Terminal4N.X4,PHX,A29,Terminal4N.X4,153.1469395646,10,null
10209,A28_SpotNE.9,PHX,A28,SpotNE.9,221.3233365363,10,null
10210,A26_Terminal4N.X2,PHX,A26,Terminal4N.X2,179.598984824,10,null
10211,A18_G.S.01,PHX,A18,G.S.01,186.7744410575,10,null
10212,A20_G.S.02,PHX,A20,G.S.02,168.0395245692,10,null
10213,SpotNE.10_G.S.02,PHX,SpotNE.10,G.S.02,98.7617098704,10,null
10214,G.S.02_Terminal4N.X1,PHX,G.S.02,Terminal4N.X1,100.3832172035,10,null
10215,A22_Terminal4N.X1,PHX,A22,Terminal4N.X1,173.4258392969,10,null
10216,A24_G.S.03,PHX,A24,G.S.03,175.5773478971,10,null
10217,Terminal4N.X1_G.S.03,PHX,Terminal4N.X1,G.S.03,132.8681772037,10,null
10218,G.S.03_Terminal4N.X2,PHX,G.S.03,Terminal4N.X2,130.7267117637,10,null
10219,G.S.01_G.S.02,PHX,G.S.01,G.S.02,128.0026512003,10,null
10220,A27_Terminal4N.X5,PHX,A27,Terminal4N.X5,192.3523875079,10,null
10221,A25_G.C9.05,PHX,A25,G.C9.05,159.3011094044,10,null
10222,A23_G.C9.04,PHX,A23,G.C9.04,175.0116467301,10,null
10223,A21_G.C9.03,PHX,A21,G.C9.03,166.7303160273,10,null
10224,A19_G.C9.02,PHX,A19,G.C9.02,163.7156667273,10,null
10225,A17_G.C9.01,PHX,A17,G.C9.01,157.4311419506,10,null
10226,G.C9.01_G.C9.02,PHX,G.C9.01,G.C9.02,110.1589265084,10,null
10227,G.C9.02_G.C9.03,PHX,G.C9.02,G.C9.03,106.858701773,10,null
10228,G.C9.03_G.C9.04,PHX,G.C9.03,G.C9.04,111.667404231,10,null
10229,G.C9.04_G.C9.05,PHX,G.C9.04,G.C9.05,113.7760225056,10,null
10230,G.C9.05_Terminal4N.X5,PHX,G.C9.05,Terminal4N.X5,154.4171086104,10,null
10231,A12_Terminal4N.X6,PHX,A12,Terminal4N.X6,164.4361971339,10,null
10232,A10_G.C9.10,PHX,A10,G.C9.10,152.6651463744,10,null
10233,A8_G.C9.09,PHX,A8,G.C9.09,152.8801553365,10,null
10234,A6_G.C9.08,PHX,A6,G.C9.08,154.4587940586,10,null
10235,A4_G.C9.07,PHX,A4,G.C9.07,152.6855109753,10,null
10236,A2_G.C9.06,PHX,A2,G.C9.06,157.1236803074,10,null
10237,G.C9.06_G.C9.07,PHX,G.C9.06,G.C9.07,105.3667817021,10,null
10238,G.C9.07_G.C9.08,PHX,G.C9.07,G.C9.08,107.64007066,10,null
10239,G.C9.08_G.C9.09,PHX,G.C9.08,G.C9.09,112.6984098122,10,null
10240,G.C9.09_G.C9.10,PHX,G.C9.09,G.C9.10,106.2249233404,10,null
10241,G.C9.10_Terminal4N.X6,PHX,G.C9.10,Terminal4N.X6,164.1685969493,10,null
10242,A14_Terminal4N.X15,PHX,A14,Terminal4N.X15,138.8327273549,10,null
10243,A13_Terminal4N.X14,PHX,A13,Terminal4N.X14,157.3558438402,10,null
10244,A11_SpotNE.6,PHX,A11,SpotNE.6,241.8084170496,10,null
10245,A9_Terminal4N.A,PHX,A9,Terminal4N.A,163.3291286054,10,null
10246,A7_G.C10.04,PHX,A7,G.C10.04,167.7052741949,10,null
10247,A5_G.C10.03,PHX,A5,G.C10.03,149.3999476599,10,null
10248,A3_G.C10.02,PHX,A3,G.C10.02,173.2162718785,10,null
10249,A1_G.C10.01,PHX,A1,G.C10.01,154.2412426818,10,null
10250,Terminal4N.A_G.C10.04,PHX,Terminal4N.A,G.C10.04,113.297595584,10,null
10251,G.C10.04_G.C10.03,PHX,G.C10.04,G.C10.03,113.1189168482,10,null
10252,G.C10.03_G.C10.02,PHX,G.C10.03,G.C10.02,110.6314194028,10,null
10253,G.C10.02_G.C10.01,PHX,G.C10.02,G.C10.01,109.7490759696,10,null
10254,B2_G.C10.05,PHX,B2,G.C10.05,161.2274432721,10,null
10255,B4_G.C10.06,PHX,B4,G.C10.06,149.8556271635,10,null
10256,B6_G.C10.07,PHX,B6,G.C10.07,148.2891592803,10,null
10257,B8_G.C10.08,PHX,B8,G.C10.08,150.8176771343,10,null
10258,B10_G.C10.09,PHX,B10,G.C10.09,146.0009063503,10,null
10259,B12_Terminal4N.D,PHX,B12,Terminal4N.D,161.0235805274,10,null
10260,Terminal4N.D_G.C10.09,PHX,Terminal4N.D,G.C10.09,166.8680343058,10,null
10261,G.C10.09_G.C10.08,PHX,G.C10.09,G.C10.08,104.8217288441,10,null
10262,G.C10.08_G.C10.07,PHX,G.C10.08,G.C10.07,97.3155631861,10,null
10263,G.C10.07_G.C10.06,PHX,G.C10.07,G.C10.06,114.001809907,10,null
10264,G.C10.06_G.C10.05,PHX,G.C10.06,G.C10.05,112.8793744461,10,null
10265,B14_Terminal4N.X13,PHX,B14,Terminal4N.X13,136.8670128016,10,null
10266,B13_Terminal4N.X12,PHX,B13,Terminal4N.X12,164.9328407577,10,null
10267,B11_Terminal4N.X7,PHX,B11,Terminal4N.X7,181.1535725432,10,null
10268,B9_G.C11.04,PHX,B9,G.C11.04,154.4370053415,10,null
10269,B7_G.C11.03,PHX,B7,G.C11.03,147.6959646739,10,null
10270,B5_G.C11.02,PHX,B5,G.C11.02,149.8336573115,10,null
10271,B3_G.C11.01,PHX,B3,G.C11.01,152.1255731331,10,null
10272,B1_G.C11.01,PHX,B1,G.C11.01,161.7669571246,10,null
10273,B26_Terminal4N.X8,PHX,B26,Terminal4N.X8,180.167742547,10,null
10274,B24_G.C11.08,PHX,B24,G.C11.08,153.3321718468,10,null
10275,B22_G.C11.07,PHX,B22,G.C11.07,149.1426482261,10,null
10276,B20_G.C11.06,PHX,B20,G.C11.06,152.7518567756,10,null
10277,B18_G.C11.05,PHX,B18,G.C11.05,164.1235830466,10,null
10278,B16_G.C11.05,PHX,B16,G.C11.05,157.8923701595,10,null
10279,B1A_G.C11.05,PHX,B1A,G.C11.05,169.3802959369,10,null
10280,Terminal4N.X8_G.C11.08,PHX,Terminal4N.X8,G.C11.08,211.2131316545,10,null
10281,G.C11.08_G.C11.07,PHX,G.C11.08,G.C11.07,89.9695974192,10,null
10282,G.C11.07_G.C11.06,PHX,G.C11.07,G.C11.06,82.1871724847,10,null
10283,G.C11.06_G.C11.05,PHX,G.C11.06,G.C11.05,83.4538529494,10,null
10284,Terminal4N.X7_G.C11.04,PHX,Terminal4N.X7,G.C11.04,145.4444072675,10,null
10285,G.C11.04_G.C11.03,PHX,G.C11.04,G.C11.03,112.2867526613,10,null
10286,G.C11.03_G.C11.02,PHX,G.C11.03,G.C11.02,126.931989584,10,null
10287,G.C11.02_G.C11.01,PHX,G.C11.02,G.C11.01,75.8865735254,10,null
10288,B28_Terminal4N.X11,PHX,B28,Terminal4N.X11,167.4996868862,10,null
10289,B27_Terminal4N.X10,PHX,B27,Terminal4N.X10,160.2023388569,10,null
10290,B25_SpotNE.2,PHX,B25,SpotNE.2,274.7084428908,10,null
10291,B23_Terminal4N.X9,PHX,B23,Terminal4N.X9,183.8624669138,10,null
10292,S.R.11_Terminal4N.X9,PHX,S.R.11,Terminal4N.X9,76.7959895497,10,null
10293,B19_Terminal3N.X4,PHX,B19,Terminal3N.X4,189.1857639163,10,null
10294,B21_G.R.21,PHX,B21,G.R.21,175.8648199601,10,null
10295,Terminal4N.X9_G.R.21,PHX,Terminal4N.X9,G.R.21,127.0054526882,10,null
10296,G.R.21_Terminal3N.X4,PHX,G.R.21,Terminal3N.X4,115.0789780705,10,null
10297,B17_G.C11.22,PHX,B17,G.C11.22,152.8141046047,10,null
10298,B15A_G.C11.22,PHX,B15A,G.C11.22,162.0489072549,10,null
10299,B15B_G.C11.22,PHX,B15B,G.C11.22,119.3057549743,10,null
10300,G.C11.22_Terminal3N.X4,PHX,G.C11.22,Terminal3N.X4,66.3916789968,10,null
10301,B15C_Terminal3N.X4,PHX,B15C,Terminal3N.X4,171.7962295067,10,null
10302,T.R.01_T.R.01Taxiway Intersection (48),PHX,T.R.01,T.R.01Taxiway Intersection (48),263.3832781702,10,null
10303,T.R.01Taxiway Intersection (48)_Taxiway Intersection (48),PHX,T.R.01Taxiway Intersection (48),Taxiway Intersection (48),211.4903886312,10,null
10304,S.R.11_T.R.01Taxiway Intersection (48),PHX,S.R.11,T.R.01Taxiway Intersection (48),141.4467866469,10,null
10305,Taxiway Intersection (2)_T.A.01,PHX,Taxiway Intersection (2),T.A.01,173.4327994255,10,null
10306,T.A.01_Taxiway Intersection (3),PHX,T.A.01,Taxiway Intersection (3),277.3578128026,10,null
10307,S.A2.01_T.A.01,PHX,S.A2.01,T.A.01,85.9899397547,10,null
10308,S.A2.01_G.A2.01,PHX,S.A2.01,G.A2.01,101.7847106566,10,null
10309,Taxiway Intersection (4)_T.A.04,PHX,Taxiway Intersection (4),T.A.04,226.1666826037,10,null
10310,T.A.04_T.A.03,PHX,T.A.04,T.A.03,549.7282445032,10,null
10311,T.A.03_T.A.02,PHX,T.A.03,T.A.02,543.5527179889,10,null
10312,T.A.02_Taxiway Intersection (3),PHX,T.A.02,Taxiway Intersection (3),346.0522246828,10,null
10313,S.A3.01_T.A.02,PHX,S.A3.01,T.A.02,89.2146915191,10,null
10314,S.A3.02_T.A.03,PHX,S.A3.02,T.A.03,87.4401708319,10,null
10315,S.A4.01_T.A.04,PHX,S.A4.01,T.A.04,85.0760439172,10,null
10316,S.A4.01_G.A4.01,PHX,S.A4.01,G.A4.01,75.8161666183,10,null
10317,G.A4.01_G.A3.02,PHX,G.A4.01,G.A3.02,546.4394866649,10,null
10318,S.A3.02_G.A3.02,PHX,S.A3.02,G.A3.02,73.6011473555,10,null
10319,G.A3.02_G.A3.01,PHX,G.A3.02,G.A3.01,544.1613316357,10,null
10320,S.A3.01_G.A3.01,PHX,S.A3.01,G.A3.01,88.5194838696,10,null
10321,G.A3.01_G.A2.01,PHX,G.A3.01,G.A2.01,620.9392746517,10,null
10322,G.A2.01_G.A2.03,PHX,G.A2.01,G.A2.03,226.8154314725,10,null
10323,G.A2.01_G.A2.02,PHX,G.A2.01,G.A2.02,511.1818627055,10,null
10324,Taxiway Intersection (27)_O.C.01,PHX,Taxiway Intersection (27),O.C.01,229.9385311937,10,null
10325,O.C.01_O.C.02,PHX,O.C.01,O.C.02,945.5859533543,10,null
10326,O.C.02_C.nB4,PHX,O.C.02,C.nB4,321.9571921986,10,null
10327,S.A9.01_Taxiway Intersection (9),PHX,S.A9.01,Taxiway Intersection (9),89.5163554075,10,null
10328,O.A9.01_S.A9.01,PHX,O.A9.01,S.A9.01,144.631062737,10,null
10329,O.A9.02_S.A9.02,PHX,O.A9.02,S.A9.02,107.9309054592,10,null
10330,S.A9.02_Taxiway Intersection (9),PHX,S.A9.02,Taxiway Intersection (9),136.3901997642,10,null
10331,B.n11_B.n1108/26.11,PHX,B.n11,B.n1108/26.11,206.5685623369,10,null
10332,B.n1108/26.11_08/26.11,PHX,B.n1108/26.11,08/26.11,142.3533863002,10,null
10333,B.n11_B.n11B.nC10,PHX,B.n11,B.n11B.nC10,246.0087225456,10,null
10334,B.n11B.nC10_B.nC10,PHX,B.n11B.nC10,B.nC10,430.4352098794,10,null
10335,B.n1108/26.11_B.n11B.nC10,PHX,B.n1108/26.11,B.n11B.nC10,306.3399728935,10,null
10337,08/26.1008/26.11_08/26.11,PHX,08/26.1008/26.11,08/26.11,189.3537078962,30,08/26
10338,08/26.1008/26.11_B.n1108/26.11,PHX,08/26.1008/26.11,B.n1108/26.11,237.5646458162,10,null
10339,08/26.7_08/26.708/26.8,PHX,08/26.7,08/26.708/26.8,653.9286346614,30,08/26
10340,08/26.708/26.8_08/26.8,PHX,08/26.708/26.8,08/26.8,178.6440966236,30,08/26
10341,B.n8_B.n808/26.8,PHX,B.n8,B.n808/26.8,260.7486142855,10,null
10342,B.n808/26.8_08/26.8,PHX,B.n808/26.8,08/26.8,161.6022590426,10,null
10343,08/26.708/26.8_B.n808/26.8,PHX,08/26.708/26.8,B.n808/26.8,247.6492266539,10,null
10345,B.n7B.n8_B.n8,PHX,B.n7B.n8,B.n8,201.6367121886,10,null
10346,C.n7_B.n7B.n8,PHX,C.n7,B.n7B.n8,243.4691109201,10,null
10347,B.n7B.n8_B.n808/26.8,PHX,B.n7B.n8,B.n808/26.8,171.616645839,10,null
10348,B.n7_B.n708/26.7,PHX,B.n7,B.n708/26.7,173.9744110442,10,null
10349,B.n708/26.7_08/26.7,PHX,B.n708/26.7,08/26.7,204.5740800551,10,null
10350,B.n7_B.n7B.n7B.n8,PHX,B.n7,B.n7B.n7B.n8,149.5722129362,10,null
10351,B.n7B.n7B.n8_B.n7B.n8,PHX,B.n7B.n7B.n8,B.n7B.n8,859.7509268028,10,null
10352,B.n708/26.7_B.n7B.n7B.n8,PHX,B.n708/26.7,B.n7B.n7B.n8,194.8497628714,10,null
10353,B.n6_B.n608/26.6,PHX,B.n6,B.n608/26.6,216.670621326,10,null
10354,B.n608/26.6_08/26.6,PHX,B.n608/26.6,08/26.6,166.7630015149,10,null
10355,B.n6_B.n6B.n7,PHX,B.n6,B.n6B.n7,211.4028548667,10,null
10356,B.n6B.n7_B.n7,PHX,B.n6B.n7,B.n7,598.9134225921,10,null
10357,B.n608/26.6_B.n6B.n7,PHX,B.n608/26.6,B.n6B.n7,179.1340208046,10,null
10358,08/26.6_08/26.608/26.7,PHX,08/26.6,08/26.608/26.7,141.2793717403,30,08/26
10359,08/26.608/26.7_08/26.7,PHX,08/26.608/26.7,08/26.7,681.9076043273,30,08/26
10360,08/26.608/26.7_B.n608/26.6,PHX,08/26.608/26.7,B.n608/26.6,226.0235040492,10,null
10361,B.n5_B.n508/26.5,PHX,B.n5,B.n508/26.5,254.0158014547,10,null
10362,B.n508/26.5_08/26.5,PHX,B.n508/26.5,08/26.5,224.6181299649,10,null
10363,B.n5_B.n5B.n6,PHX,B.n5,B.n5B.n6,225.8233874988,10,null
10364,B.n5B.n6_B.n6,PHX,B.n5B.n6,B.n6,675.2306741156,10,null
10365,B.n508/26.5_B.n5B.n6,PHX,B.n508/26.5,B.n5B.n6,208.6570725398,10,null
10366,B.n9_B.n908/26.9,PHX,B.n9,B.n908/26.9,259.7021102177,10,null
10367,B.n908/26.9_08/26.9,PHX,B.n908/26.9,08/26.9,212.3726983935,10,null
10368,Taxiway Intersection (24)_B.n908/26.9,PHX,Taxiway Intersection (24),B.n908/26.9,183.3795904475,10,null
10369,B.n10_B.n1008/26.10,PHX,B.n10,B.n1008/26.10,188.1980828752,10,null
10370,B.n1008/26.10_08/26.10,PHX,B.n1008/26.10,08/26.10,256.3836595516,10,null
10371,B.n9_B.n9B.n10,PHX,B.n9,B.n9B.n10,658.7105047631,10,null
10372,B.n9B.n10_B.n10,PHX,B.n9B.n10,B.n10,167.6086228261,10,null
10373,B.n1008/26.10_B.n9B.n10,PHX,B.n1008/26.10,B.n9B.n10,201.3704109247,10,null
10374,B.n10_B.n10B.n11,PHX,B.n10,B.n10B.n11,125.6806214989,10,null
10375,B.n10B.n11_B.n11,PHX,B.n10B.n11,B.n11,515.7574014536,10,null
10376,B.n1008/26.10_B.n10B.n11,PHX,B.n1008/26.10,B.n10B.n11,255.8100514209,10,null
10377,08/26.10_08/26.1008/26.1008/26.11,PHX,08/26.10,08/26.1008/26.1008/26.11,148.4730611107,30,08/26
10378,08/26.1008/26.1008/26.11_08/26.1008/26.11,PHX,08/26.1008/26.1008/26.11,08/26.1008/26.11,571.0105970461,30,08/26
10379,08/26.1008/26.1008/26.11_Taxiway Intersection (8),PHX,08/26.1008/26.1008/26.11,Taxiway Intersection (8),337.608023764,10,null
10380,08/26.1008/26.1008/26.11_B.n1008/26.10,PHX,08/26.1008/26.1008/26.11,B.n1008/26.10,180.6622410917,10,null
10381,C.n10_C.n10Taxiway Intersection (39),PHX,C.n10,C.n10Taxiway Intersection (39),114.3833145119,10,null
10382,C.n10Taxiway Intersection (39)_Taxiway Intersection (39),PHX,C.n10Taxiway Intersection (39),Taxiway Intersection (39),173.4646437239,10,null
10383,SpotNE.3_C.n10Taxiway Intersection (39),PHX,SpotNE.3,C.n10Taxiway Intersection (39),115.5880104716,10,null
10384,C.n10_C.n10B.nC10,PHX,C.n10,C.n10B.nC10,125.6270581282,10,null
10385,C.n10B.nC10_B.nC10,PHX,C.n10B.nC10,B.nC10,141.4307523817,10,null
10386,C.n10Taxiway Intersection (39)_C.n10B.nC10,PHX,C.n10Taxiway Intersection (39),C.n10B.nC10,128.2404713344,10,null
10387,B.nC10_B.nC10B.n12,PHX,B.nC10,B.nC10B.n12,146.3299904281,10,null
10388,B.nC10B.n12_B.n12,PHX,B.nC10B.n12,B.n12,445.0678932413,10,null
10389,C.n10B.nC10_B.nC10B.n12,PHX,C.n10B.nC10,B.nC10B.n12,129.7453761832,10,null
10390,Taxiway Intersection (41)_Taxiway Intersection (41)C.nB13,PHX,Taxiway Intersection (41),Taxiway Intersection (41)C.nB13,130.0562492129,10,null
10391,Taxiway Intersection (41)C.nB13_C.nB13,PHX,Taxiway Intersection (41)C.nB13,C.nB13,131.105583591,10,null
10392,C.nB13_C.nB13T.R.01,PHX,C.nB13,C.nB13T.R.01,136.5475365783,10,null
10393,C.nB13T.R.01_T.R.01,PHX,C.nB13T.R.01,T.R.01,87.3941428591,10,null
10394,Taxiway Intersection (41)C.nB13_C.nB13T.R.01,PHX,Taxiway Intersection (41)C.nB13,C.nB13T.R.01,136.7959043011,10,null
10395,SpotNE.2_Taxiway Intersection (41)C.nB13,PHX,SpotNE.2,Taxiway Intersection (41)C.nB13,160.621227639,10,null
10396,C.n9_C.n9Taxiway Intersection (37),PHX,C.n9,C.n9Taxiway Intersection (37),91.9672354296,10,null
10397,C.n9Taxiway Intersection (37)_Taxiway Intersection (37),PHX,C.n9Taxiway Intersection (37),Taxiway Intersection (37),180.26780592,10,null
10398,SpotNE.5_C.n9Taxiway Intersection (37),PHX,SpotNE.5,C.n9Taxiway Intersection (37),117.0655921564,10,null
10399,C.n8_C.n8Taxiway Intersection (35),PHX,C.n8,C.n8Taxiway Intersection (35),116.380546845,10,null
10400,C.n8Taxiway Intersection (35)_Taxiway Intersection (35),PHX,C.n8Taxiway Intersection (35),Taxiway Intersection (35),109.9328992403,10,null
10401,SpotNE.7_C.n8Taxiway Intersection (35),PHX,SpotNE.7,C.n8Taxiway Intersection (35),118.7735461332,10,null
10402,Taxiway Intersection (34)_Taxiway Intersection (34)C.n8,PHX,Taxiway Intersection (34),Taxiway Intersection (34)C.n8,84.82199375,10,null
10403,Taxiway Intersection (34)C.n8_C.n8,PHX,Taxiway Intersection (34)C.n8,C.n8,106.5536129014,10,null
10404,SpotNE.8_Taxiway Intersection (34)C.n8,PHX,SpotNE.8,Taxiway Intersection (34)C.n8,127.5150671808,10,null
10405,D.n13_D.n13E.n13,PHX,D.n13,D.n13E.n13,94.5036102027,10,null
10406,D.n13E.n13_E.n13,PHX,D.n13E.n13,E.n13,136.1225516635,10,null
10407,D.n13E.n13_Taxiway Intersection (19),PHX,D.n13E.n13,Taxiway Intersection (19),121.2309652067,10,null
10408,07L/25R.13_07L/25R.13E.n13,PHX,07L/25R.13,07L/25R.13E.n13,115.0325617945,10,null
10409,07L/25R.13E.n13_E.n13,PHX,07L/25R.13E.n13,E.n13,231.9017806696,10,null
10410,Taxiway Intersection (14)_07L/25R.13E.n13,PHX,Taxiway Intersection (14),07L/25R.13E.n13,334.401791266,10,null
10411,D.n12_D.n12E.nD12,PHX,D.n12,D.n12E.nD12,124.0206075925,10,null
10412,D.n12E.nD12_E.nD12,PHX,D.n12E.nD12,E.nD12,119.4381303865,10,null
10414,07L/25R.12_07L/25R.12E.n12,PHX,07L/25R.12,07L/25R.12E.n12,186.1478670362,10,null
10415,07L/25R.12E.n12_E.n12,PHX,07L/25R.12E.n12,E.n12,200.0301124379,10,null
10416,07L/25R.12E.n12_E.nD12,PHX,07L/25R.12E.n12,E.nD12,176.2051816813,10,null
10418,Taxiway Intersection (42)E.nD12_E.nD12,PHX,Taxiway Intersection (42)E.nD12,E.nD12,162.3630377623,10,null
10419,Taxiway Intersection (42)E.nD12_D.n12E.nD12,PHX,Taxiway Intersection (42)E.nD12,D.n12E.nD12,129.9662176187,10,null
10420,D.n11_D.n11Taxiway Intersection (42),PHX,D.n11,D.n11Taxiway Intersection (42),127.124056311,10,null
10421,D.n11Taxiway Intersection (42)_Taxiway Intersection (42),PHX,D.n11Taxiway Intersection (42),Taxiway Intersection (42),185.0459609495,10,null
10422,Taxiway Intersection (42)_Taxiway Intersection (42)Taxiway Intersection (42)E.nD12,PHX,Taxiway Intersection (42),Taxiway Intersection (42)Taxiway Intersection (42)E.nD12,260.2418418897,10,null
10423,Taxiway Intersection (42)Taxiway Intersection (42)E.nD12_Taxiway Intersection (42)E.nD12,PHX,Taxiway Intersection (42)Taxiway Intersection (42)E.nD12,Taxiway Intersection (42)E.nD12,468.2371366882,10,null
10424,D.n11Taxiway Intersection (42)_Taxiway Intersection (42)Taxiway Intersection (42)E.nD12,PHX,D.n11Taxiway Intersection (42),Taxiway Intersection (42)Taxiway Intersection (42)E.nD12,140.3968426386,10,null
10425,07L/25R.11_07L/25R.11E.n11,PHX,07L/25R.11,07L/25R.11E.n11,199.3978634488,10,null
10426,07L/25R.11E.n11_E.n11,PHX,07L/25R.11E.n11,E.n11,143.1783925847,10,null
10427,07L/25R.11E.n11_Taxiway Intersection (42),PHX,07L/25R.11E.n11,Taxiway Intersection (42),283.09908765,10,null
10428,D.n10_D.n10E.nD10,PHX,D.n10,D.n10E.nD10,119.7470481951,10,null
10429,D.n10E.nD10_E.nD10,PHX,D.n10E.nD10,E.nD10,132.9012089953,10,null
10430,E.nD10_E.nD10E.n11,PHX,E.nD10,E.nD10E.n11,165.1737376521,10,null
10431,E.nD10E.n11_E.n11,PHX,E.nD10E.n11,E.n11,169.2766058729,10,null
10432,D.n10E.nD10_E.nD10E.n11,PHX,D.n10E.nD10,E.nD10E.n11,138.8912057579,10,null
10433,07L/25R.10_07L/25R.1007L/25R.11,PHX,07L/25R.10,07L/25R.1007L/25R.11,656.5035813289,30,07L/25R
10434,07L/25R.1007L/25R.11_07L/25R.11,PHX,07L/25R.1007L/25R.11,07L/25R.11,297.1458566827,30,07L/25R
10435,07L/25R.1007L/25R.11_07L/25R.11E.n11,PHX,07L/25R.1007L/25R.11,07L/25R.11E.n11,370.4466728347,10,null
10436,07L/25R.10_07L/25R.10E.n10,PHX,07L/25R.10,07L/25R.10E.n10,201.7732661099,10,null
10437,07L/25R.10E.n10_E.n10,PHX,07L/25R.10E.n10,E.n10,214.5639639542,10,null
10438,D.nS_D.nSTaxiway Intersection (21),PHX,D.nS,D.nSTaxiway Intersection (21),130.4494068486,10,null
10439,D.nSTaxiway Intersection (21)_Taxiway Intersection (21),PHX,D.nSTaxiway Intersection (21),Taxiway Intersection (21),132.581556947,10,null
10440,Taxiway Intersection (21)_07L/25R.10E.n10,PHX,Taxiway Intersection (21),07L/25R.10E.n10,170.1284389087,10,null
10441,Taxiway Intersection (23)_Taxiway Intersection (23)Taxiway Intersection (21),PHX,Taxiway Intersection (23),Taxiway Intersection (23)Taxiway Intersection (21),100.815544232,10,null
10442,Taxiway Intersection (23)Taxiway Intersection (21)_Taxiway Intersection (21),PHX,Taxiway Intersection (23)Taxiway Intersection (21),Taxiway Intersection (21),153.3827376383,10,null
10443,D.nSTaxiway Intersection (21)_Taxiway Intersection (23)Taxiway Intersection (21),PHX,D.nSTaxiway Intersection (21),Taxiway Intersection (23)Taxiway Intersection (21),116.8191129815,10,null
10444,Taxiway Intersection (22)_Taxiway Intersection (22)Taxiway Intersection (23),PHX,Taxiway Intersection (22),Taxiway Intersection (22)Taxiway Intersection (23),127.9223264319,10,null
10445,Taxiway Intersection (22)Taxiway Intersection (23)_Taxiway Intersection (23),PHX,Taxiway Intersection (22)Taxiway Intersection (23),Taxiway Intersection (23),119.1664797497,10,null
10446,Taxiway Intersection (22)Taxiway Intersection (23)_E.n9,PHX,Taxiway Intersection (22)Taxiway Intersection (23),E.n9,188.4269018311,10,null
10447,07L/25R.9_07L/25R.9E.n9,PHX,07L/25R.9,07L/25R.9E.n9,238.5015704724,10,null
10448,07L/25R.9E.n9_E.n9,PHX,07L/25R.9E.n9,E.n9,234.3382547489,10,null
10449,F.n9_F.n907L/25R.9,PHX,F.n9,F.n907L/25R.9,172.7068083528,10,null
10450,F.n907L/25R.9_07L/25R.9,PHX,F.n907L/25R.9,07L/25R.9,206.6579667628,10,null
10451,F.n9_F.n9F.nG7,PHX,F.n9,F.n9F.nG7,320.7114021914,10,null
10452,F.n9F.nG7_F.nG7,PHX,F.n9F.nG7,F.nG7,338.0046623481,10,null
10453,F.n9F.nG7_F.n907L/25R.9,PHX,F.n9F.nG7,F.n907L/25R.9,270.4603440834,10,null
10455,07R/25L.nH6_07R/25L.nH6F.nG7,PHX,07R/25L.nH6,07R/25L.nH6F.nG7,404.6217522755,10,null
10456,07R/25L.nH6F.nG7_F.nG7,PHX,07R/25L.nH6F.nG7,F.nG7,307.6824856413,10,null
10457,07R/25L.n7_07R/25L.nH6F.nG7,PHX,07R/25L.n7,07R/25L.nH6F.nG7,169.9072698222,10,null
10458,F.n9F.nG7_07R/25L.nH6F.nG7,PHX,F.n9F.nG7,07R/25L.nH6F.nG7,199.0697777275,10,null
10460,H.n507R/25L.n5_07R/25L.n5,PHX,H.n507R/25L.n5,07R/25L.n5,222.5702700088,10,null
10461,07R/25L.n5_07R/25L.n507R/25L.nG6,PHX,07R/25L.n5,07R/25L.n507R/25L.nG6,214.2058311601,30,07R/25L
10462,07R/25L.n507R/25L.nG6_07R/25L.nG6,PHX,07R/25L.n507R/25L.nG6,07R/25L.nG6,527.6909594124,30,07R/25L
10463,07R/25L.n507R/25L.nG6_H.n507R/25L.n5,PHX,07R/25L.n507R/25L.nG6,H.n507R/25L.n5,184.6612857982,10,null
10464,T.H.06_H.n507R/25L.n5,PHX,T.H.06,H.n507R/25L.n5,185.6679792003,10,null
10465,T.H.08_H.n507R/25L.n5,PHX,T.H.08,H.n507R/25L.n5,315.4285827028,10,null
10466,F.n6_F.n607L/25R.6,PHX,F.n6,F.n607L/25R.6,184.8861725894,10,null
10467,F.n607L/25R.6_07L/25R.6,PHX,F.n607L/25R.6,07L/25R.6,169.3574031763,10,null
10468,F.n607L/25R.6_F.nG4,PHX,F.n607L/25R.6,F.nG4,295.2575428158,10,null
10469,F.nG3_F.nG307R/25L.n3,PHX,F.nG3,F.nG307R/25L.n3,194.917332754,10,null
10470,F.nG307R/25L.n3_07R/25L.n3,PHX,F.nG307R/25L.n3,07R/25L.n3,293.8076049324,10,null
10471,H.n3_H.n307R/25L.n3,PHX,H.n3,H.n307R/25L.n3,288.8564278685,10,null
10472,H.n307R/25L.n3_07R/25L.n3,PHX,H.n307R/25L.n3,07R/25L.n3,289.4847261891,10,null
10473,H.n307R/25L.n3_Taxiway Intersection (20),PHX,H.n307R/25L.n3,Taxiway Intersection (20),220.8266333749,10,null
10474,F.n4_F.n407R/25L.nG2,PHX,F.n4,F.n407R/25L.nG2,215.6196958299,10,null
10475,F.n407R/25L.nG2_07R/25L.nG2,PHX,F.n407R/25L.nG2,07R/25L.nG2,301.5858731669,10,null
10476,07L/25R.7_07L/25R.7E.n7,PHX,07L/25R.7,07L/25R.7E.n7,277.3873527916,10,null
10477,07L/25R.7E.n7_E.n7,PHX,07L/25R.7E.n7,E.n7,241.4473672082,10,null
10478,E.n7_E.n7E.nD7,PHX,E.n7,E.n7E.nD7,238.310550886,10,null
10479,E.n7E.nD7_E.nD7,PHX,E.n7E.nD7,E.nD7,237.1635159408,10,null
10480,07L/25R.7E.n7_E.n7E.nD7,PHX,07L/25R.7E.n7,E.n7E.nD7,183.496441899,10,null
10481,D.n7_D.n7E.nD7,PHX,D.n7,D.n7E.nD7,127.0163964936,10,null
10482,D.n7E.nD7_E.nD7,PHX,D.n7E.nD7,E.nD7,152.5793456358,10,null
10483,D.n7E.nD7_E.n7E.nD7,PHX,D.n7E.nD7,E.n7E.nD7,165.7372643095,10,null
10484,D.n8_D.n8E.nD8,PHX,D.n8,D.n8E.nD8,134.6794135116,10,null
10485,D.n8E.nD8_E.nD8,PHX,D.n8E.nD8,E.nD8,125.3781546497,10,null
10486,E.nD8_E.nD8E.n8,PHX,E.nD8,E.nD8E.n8,165.5899908436,10,null
10488,D.n8E.nD8_E.nD8E.n8,PHX,D.n8E.nD8,E.nD8E.n8,126.3664852356,10,null
10489,D.n8_D.n8D.n9,PHX,D.n8,D.n8D.n9,124.8211424196,10,null
10490,D.n8D.n9_D.n9,PHX,D.n8D.n9,D.n9,528.4690351658,10,null
10491,D.n8E.nD8_D.n8D.n9,PHX,D.n8E.nD8,D.n8D.n9,178.8336004011,10,null
10492,D.n7_D.n7D.n8,PHX,D.n7,D.n7D.n8,82.2565730606,10,null
10493,D.n7D.n8_D.n8,PHX,D.n7D.n8,D.n8,463.4911453676,10,null
10494,SpotSW.3_D.n7D.n8,PHX,SpotSW.3,D.n7D.n8,172.2436262461,10,null
10495,07L/25R.8_07L/25R.8E.n8,PHX,07L/25R.8,07L/25R.8E.n8,200.5042678632,10,null
10496,07L/25R.8E.n8_E.n8,PHX,07L/25R.8E.n8,E.n8,252.2657786284,10,null
10498,E.nD8E.n8_E.nD8E.n8E.n8,PHX,E.nD8E.n8,E.nD8E.n8E.n8,120.9203933912,10,null
10499,E.nD8E.n8E.n8_E.n8,PHX,E.nD8E.n8E.n8,E.n8,290.5171194106,10,null
10500,07L/25R.8E.n8_E.nD8E.n8E.n8,PHX,07L/25R.8E.n8,E.nD8E.n8E.n8,165.2381683947,10,null
10183,SpotCE.1_Taxiway Intersection (28),PHX,SpotCE.1,Taxiway Intersection (28),134.3419390869,10,null
10184,SpotCE.1_Taxiway Intersection (46),PHX,SpotCE.1,Taxiway Intersection (46),179.2718002888,10,null
